D5000,analog_output0_0_1,analog_output0 1/2  (lowest word)  
D5001,analog_output0_1_1,analog_output0 2/2  (highest word)  
D5000,analog_output0_0_1,analog_output0 1/2  (lowest word)  
D5001,analog_output0_1_1,analog_output0 2/2  (highest word)  
D5002,analog_output0_0_2,analog_output0 1/2  (lowest word)  
D5003,analog_output0_1_2,analog_output0 2/2  (highest word)  
D5002,analog_output0_0_2,analog_output0 1/2  (lowest word)  
D5003,analog_output0_1_2,analog_output0 2/2  (highest word)  
D5004,analog_output0_0_3,analog_output0 1/2  (lowest word)  
D5005,analog_output0_1_3,analog_output0 2/2  (highest word)  
D5004,analog_output0_0_3,analog_output0 1/2  (lowest word)  
D5005,analog_output0_1_3,analog_output0 2/2  (highest word)  
D5006,analog_output0_0_4,analog_output0 1/2  (lowest word)  
D5007,analog_output0_1_4,analog_output0 2/2  (highest word)  
D5006,analog_output0_0_4,analog_output0 1/2  (lowest word)  
D5007,analog_output0_1_4,analog_output0 2/2  (highest word)  
D5008,analog_output0_0_5,analog_output0 1/2  (lowest word)  
D5009,analog_output0_1_5,analog_output0 2/2  (highest word)  
D5008,analog_output0_0_5,analog_output0 1/2  (lowest word)  
D5009,analog_output0_1_5,analog_output0 2/2  (highest word)  
D5010,analog_output0_0_6,analog_output0 1/2  (lowest word)  
D5011,analog_output0_1_6,analog_output0 2/2  (highest word)  
D5010,analog_output0_0_6,analog_output0 1/2  (lowest word)  
D5011,analog_output0_1_6,analog_output0 2/2  (highest word)  
D5012,analog_output1_0_1,analog_output1 1/2  (lowest word)  
D5013,analog_output1_1_1,analog_output1 2/2  (highest word)  
D5012,analog_output1_0_1,analog_output1 1/2  (lowest word)  
D5013,analog_output1_1_1,analog_output1 2/2  (highest word)  
D5014,analog_output1_0_2,analog_output1 1/2  (lowest word)  
D5015,analog_output1_1_2,analog_output1 2/2  (highest word)  
D5014,analog_output1_0_2,analog_output1 1/2  (lowest word)  
D5015,analog_output1_1_2,analog_output1 2/2  (highest word)  
D5016,analog_output1_0_3,analog_output1 1/2  (lowest word)  
D5017,analog_output1_1_3,analog_output1 2/2  (highest word)  
D5016,analog_output1_0_3,analog_output1 1/2  (lowest word)  
D5017,analog_output1_1_3,analog_output1 2/2  (highest word)  
D5018,analog_output1_0_4,analog_output1 1/2  (lowest word)  
D5019,analog_output1_1_4,analog_output1 2/2  (highest word)  
D5018,analog_output1_0_4,analog_output1 1/2  (lowest word)  
D5019,analog_output1_1_4,analog_output1 2/2  (highest word)  
D5020,analog_output1_0_5,analog_output1 1/2  (lowest word)  
D5021,analog_output1_1_5,analog_output1 2/2  (highest word)  
D5020,analog_output1_0_5,analog_output1 1/2  (lowest word)  
D5021,analog_output1_1_5,analog_output1 2/2  (highest word)  
D5022,analog_output1_0_6,analog_output1 1/2  (lowest word)  
D5023,analog_output1_1_6,analog_output1 2/2  (highest word)  
D5022,analog_output1_0_6,analog_output1 1/2  (lowest word)  
D5023,analog_output1_1_6,analog_output1 2/2  (highest word)  
D5024,isp_mode_0_1,isp_mode 1/2  (lowest word)  
D5025,isp_mode_1_1,isp_mode 2/2  (highest word)  
D5024,isp_mode_0_1,isp_mode 1/2  (lowest word)  
D5025,isp_mode_1_1,isp_mode 2/2  (highest word)  
D5026,isp_mode_0_2,isp_mode 1/2  (lowest word)  
D5027,isp_mode_1_2,isp_mode 2/2  (highest word)  
D5026,isp_mode_0_2,isp_mode 1/2  (lowest word)  
D5027,isp_mode_1_2,isp_mode 2/2  (highest word)  
D5028,isp_mode_0_3,isp_mode 1/2  (lowest word)  
D5029,isp_mode_1_3,isp_mode 2/2  (highest word)  
D5028,isp_mode_0_3,isp_mode 1/2  (lowest word)  
D5029,isp_mode_1_3,isp_mode 2/2  (highest word)  
D5030,isp_mode_0_4,isp_mode 1/2  (lowest word)  
D5031,isp_mode_1_4,isp_mode 2/2  (highest word)  
D5030,isp_mode_0_4,isp_mode 1/2  (lowest word)  
D5031,isp_mode_1_4,isp_mode 2/2  (highest word)  
D5032,isp_mode_0_5,isp_mode 1/2  (lowest word)  
D5033,isp_mode_1_5,isp_mode 2/2  (highest word)  
D5032,isp_mode_0_5,isp_mode 1/2  (lowest word)  
D5033,isp_mode_1_5,isp_mode 2/2  (highest word)  
D5034,isp_mode_0_6,isp_mode 1/2  (lowest word)  
D5035,isp_mode_1_6,isp_mode 2/2  (highest word)  
D5034,isp_mode_0_6,isp_mode 1/2  (lowest word)  
D5035,isp_mode_1_6,isp_mode 2/2  (highest word)  
D5036,address_unlock_0_1,slave_address_unlock 1/2  (lowest word)  
D5037,address_unlock_1_1,slave_address_unlock 2/2  (highest word)  
D5036,address_unlock_0_1,slave_address_unlock 1/2  (lowest word)  
D5037,address_unlock_1_1,slave_address_unlock 2/2  (highest word)  
D5038,address_unlock_0_2,slave_address_unlock 1/2  (lowest word)  
D5039,address_unlock_1_2,slave_address_unlock 2/2  (highest word)  
D5038,address_unlock_0_2,slave_address_unlock 1/2  (lowest word)  
D5039,address_unlock_1_2,slave_address_unlock 2/2  (highest word)  
D5040,address_unlock_0_3,slave_address_unlock 1/2  (lowest word)  
D5041,address_unlock_1_3,slave_address_unlock 2/2  (highest word)  
D5040,address_unlock_0_3,slave_address_unlock 1/2  (lowest word)  
D5041,address_unlock_1_3,slave_address_unlock 2/2  (highest word)  
D5042,address_unlock_0_4,slave_address_unlock 1/2  (lowest word)  
D5043,address_unlock_1_4,slave_address_unlock 2/2  (highest word)  
D5042,address_unlock_0_4,slave_address_unlock 1/2  (lowest word)  
D5043,address_unlock_1_4,slave_address_unlock 2/2  (highest word)  
D5044,address_unlock_0_5,slave_address_unlock 1/2  (lowest word)  
D5045,address_unlock_1_5,slave_address_unlock 2/2  (highest word)  
D5044,address_unlock_0_5,slave_address_unlock 1/2  (lowest word)  
D5045,address_unlock_1_5,slave_address_unlock 2/2  (highest word)  
D5046,address_unlock_0_6,slave_address_unlock 1/2  (lowest word)  
D5047,address_unlock_1_6,slave_address_unlock 2/2  (highest word)  
D5046,address_unlock_0_6,slave_address_unlock 1/2  (lowest word)  
D5047,address_unlock_1_6,slave_address_unlock 2/2  (highest word)  
D5048,slave_address_1,slave_address 
D5048,slave_address_1,slave_address 
D5049,slave_address_2,slave_address 
D5049,slave_address_2,slave_address 
D5050,slave_address_3,slave_address 
D5050,slave_address_3,slave_address 
D5051,slave_address_4,slave_address 
D5051,slave_address_4,slave_address 
D5052,slave_address_5,slave_address 
D5052,slave_address_5,slave_address 
D5053,slave_address_6,slave_address 
D5053,slave_address_6,slave_address 
D5054,clear_faults_0_1,clear_faults 1/2  (lowest word)  
D5055,clear_faults_1_1,clear_faults 2/2  (highest word)  
D5054,clear_faults_0_1,clear_faults 1/2  (lowest word)  
D5055,clear_faults_1_1,clear_faults 2/2  (highest word)  
D5056,clear_faults_0_2,clear_faults 1/2  (lowest word)  
D5057,clear_faults_1_2,clear_faults 2/2  (highest word)  
D5056,clear_faults_0_2,clear_faults 1/2  (lowest word)  
D5057,clear_faults_1_2,clear_faults 2/2  (highest word)  
D5058,clear_faults_0_3,clear_faults 1/2  (lowest word)  
D5059,clear_faults_1_3,clear_faults 2/2  (highest word)  
D5058,clear_faults_0_3,clear_faults 1/2  (lowest word)  
D5059,clear_faults_1_3,clear_faults 2/2  (highest word)  
D5060,clear_faults_0_4,clear_faults 1/2  (lowest word)  
D5061,clear_faults_1_4,clear_faults 2/2  (highest word)  
D5060,clear_faults_0_4,clear_faults 1/2  (lowest word)  
D5061,clear_faults_1_4,clear_faults 2/2  (highest word)  
D5062,clear_faults_0_5,clear_faults 1/2  (lowest word)  
D5063,clear_faults_1_5,clear_faults 2/2  (highest word)  
D5062,clear_faults_0_5,clear_faults 1/2  (lowest word)  
D5063,clear_faults_1_5,clear_faults 2/2  (highest word)  
D5064,clear_faults_0_6,clear_faults 1/2  (lowest word)  
D5065,clear_faults_1_6,clear_faults 2/2  (highest word)  
D5064,clear_faults_0_6,clear_faults 1/2  (lowest word)  
D5065,clear_faults_1_6,clear_faults 2/2  (highest word)  
D5066,data_read_0_1,start_data_read 1/2  (lowest word)  
D5067,data_read_1_1,start_data_read 2/2  (highest word)  
D5066,data_read_0_1,start_data_read 1/2  (lowest word)  
D5067,data_read_1_1,start_data_read 2/2  (highest word)  
D5068,data_read_0_2,start_data_read 1/2  (lowest word)  
D5069,data_read_1_2,start_data_read 2/2  (highest word)  
D5068,data_read_0_2,start_data_read 1/2  (lowest word)  
D5069,data_read_1_2,start_data_read 2/2  (highest word)  
D5070,data_read_0_3,start_data_read 1/2  (lowest word)  
D5071,data_read_1_3,start_data_read 2/2  (highest word)  
D5070,data_read_0_3,start_data_read 1/2  (lowest word)  
D5071,data_read_1_3,start_data_read 2/2  (highest word)  
D5072,data_read_0_4,start_data_read 1/2  (lowest word)  
D5073,data_read_1_4,start_data_read 2/2  (highest word)  
D5072,data_read_0_4,start_data_read 1/2  (lowest word)  
D5073,data_read_1_4,start_data_read 2/2  (highest word)  
D5074,data_read_0_5,start_data_read 1/2  (lowest word)  
D5075,data_read_1_5,start_data_read 2/2  (highest word)  
D5074,data_read_0_5,start_data_read 1/2  (lowest word)  
D5075,data_read_1_5,start_data_read 2/2  (highest word)  
D5076,data_read_0_6,start_data_read 1/2  (lowest word)  
D5077,data_read_1_6,start_data_read 2/2  (highest word)  
D5076,data_read_0_6,start_data_read 1/2  (lowest word)  
D5077,data_read_1_6,start_data_read 2/2  (highest word)  
D5078,version_0_1,version 1/32  (lowest word)  
D5079,version_1_1,version 2/32  
D5080,version_2_1,version 3/32  
D5081,version_3_1,version 4/32  
D5082,version_4_1,version 5/32  
D5083,version_5_1,version 6/32  
D5084,version_6_1,version 7/32  
D5085,version_7_1,version 8/32  
D5086,version_8_1,version 9/32  
D5087,version_9_1,version 10/32  
D5088,version_10_1,version 11/32  
D5089,version_11_1,version 12/32  
D5090,version_12_1,version 13/32  
D5091,version_13_1,version 14/32  
D5092,version_14_1,version 15/32  
D5093,version_15_1,version 16/32  
D5094,version_16_1,version 17/32  
D5095,version_17_1,version 18/32  
D5096,version_18_1,version 19/32  
D5097,version_19_1,version 20/32  
D5098,version_20_1,version 21/32  
D5099,version_21_1,version 22/32  
D5100,version_22_1,version 23/32  
D5101,version_23_1,version 24/32  
D5102,version_24_1,version 25/32  
D5103,version_25_1,version 26/32  
D5104,version_26_1,version 27/32  
D5105,version_27_1,version 28/32  
D5106,version_28_1,version 29/32  
D5107,version_29_1,version 30/32  
D5108,version_30_1,version 31/32  
D5109,version_31_1,version 32/32  (highest word)  
D5110,version_0_2,version 1/32  (lowest word)  
D5111,version_1_2,version 2/32  
D5112,version_2_2,version 3/32  
D5113,version_3_2,version 4/32  
D5114,version_4_2,version 5/32  
D5115,version_5_2,version 6/32  
D5116,version_6_2,version 7/32  
D5117,version_7_2,version 8/32  
D5118,version_8_2,version 9/32  
D5119,version_9_2,version 10/32  
D5120,version_10_2,version 11/32  
D5121,version_11_2,version 12/32  
D5122,version_12_2,version 13/32  
D5123,version_13_2,version 14/32  
D5124,version_14_2,version 15/32  
D5125,version_15_2,version 16/32  
D5126,version_16_2,version 17/32  
D5127,version_17_2,version 18/32  
D5128,version_18_2,version 19/32  
D5129,version_19_2,version 20/32  
D5130,version_20_2,version 21/32  
D5131,version_21_2,version 22/32  
D5132,version_22_2,version 23/32  
D5133,version_23_2,version 24/32  
D5134,version_24_2,version 25/32  
D5135,version_25_2,version 26/32  
D5136,version_26_2,version 27/32  
D5137,version_27_2,version 28/32  
D5138,version_28_2,version 29/32  
D5139,version_29_2,version 30/32  
D5140,version_30_2,version 31/32  
D5141,version_31_2,version 32/32  (highest word)  
D5142,version_0_3,version 1/32  (lowest word)  
D5143,version_1_3,version 2/32  
D5144,version_2_3,version 3/32  
D5145,version_3_3,version 4/32  
D5146,version_4_3,version 5/32  
D5147,version_5_3,version 6/32  
D5148,version_6_3,version 7/32  
D5149,version_7_3,version 8/32  
D5150,version_8_3,version 9/32  
D5151,version_9_3,version 10/32  
D5152,version_10_3,version 11/32  
D5153,version_11_3,version 12/32  
D5154,version_12_3,version 13/32  
D5155,version_13_3,version 14/32  
D5156,version_14_3,version 15/32  
D5157,version_15_3,version 16/32  
D5158,version_16_3,version 17/32  
D5159,version_17_3,version 18/32  
D5160,version_18_3,version 19/32  
D5161,version_19_3,version 20/32  
D5162,version_20_3,version 21/32  
D5163,version_21_3,version 22/32  
D5164,version_22_3,version 23/32  
D5165,version_23_3,version 24/32  
D5166,version_24_3,version 25/32  
D5167,version_25_3,version 26/32  
D5168,version_26_3,version 27/32  
D5169,version_27_3,version 28/32  
D5170,version_28_3,version 29/32  
D5171,version_29_3,version 30/32  
D5172,version_30_3,version 31/32  
D5173,version_31_3,version 32/32  (highest word)  
D5174,version_0_4,version 1/32  (lowest word)  
D5175,version_1_4,version 2/32  
D5176,version_2_4,version 3/32  
D5177,version_3_4,version 4/32  
D5178,version_4_4,version 5/32  
D5179,version_5_4,version 6/32  
D5180,version_6_4,version 7/32  
D5181,version_7_4,version 8/32  
D5182,version_8_4,version 9/32  
D5183,version_9_4,version 10/32  
D5184,version_10_4,version 11/32  
D5185,version_11_4,version 12/32  
D5186,version_12_4,version 13/32  
D5187,version_13_4,version 14/32  
D5188,version_14_4,version 15/32  
D5189,version_15_4,version 16/32  
D5190,version_16_4,version 17/32  
D5191,version_17_4,version 18/32  
D5192,version_18_4,version 19/32  
D5193,version_19_4,version 20/32  
D5194,version_20_4,version 21/32  
D5195,version_21_4,version 22/32  
D5196,version_22_4,version 23/32  
D5197,version_23_4,version 24/32  
D5198,version_24_4,version 25/32  
D5199,version_25_4,version 26/32  
D5200,version_26_4,version 27/32  
D5201,version_27_4,version 28/32  
D5202,version_28_4,version 29/32  
D5203,version_29_4,version 30/32  
D5204,version_30_4,version 31/32  
D5205,version_31_4,version 32/32  (highest word)  
D5206,version_0_5,version 1/32  (lowest word)  
D5207,version_1_5,version 2/32  
D5208,version_2_5,version 3/32  
D5209,version_3_5,version 4/32  
D5210,version_4_5,version 5/32  
D5211,version_5_5,version 6/32  
D5212,version_6_5,version 7/32  
D5213,version_7_5,version 8/32  
D5214,version_8_5,version 9/32  
D5215,version_9_5,version 10/32  
D5216,version_10_5,version 11/32  
D5217,version_11_5,version 12/32  
D5218,version_12_5,version 13/32  
D5219,version_13_5,version 14/32  
D5220,version_14_5,version 15/32  
D5221,version_15_5,version 16/32  
D5222,version_16_5,version 17/32  
D5223,version_17_5,version 18/32  
D5224,version_18_5,version 19/32  
D5225,version_19_5,version 20/32  
D5226,version_20_5,version 21/32  
D5227,version_21_5,version 22/32  
D5228,version_22_5,version 23/32  
D5229,version_23_5,version 24/32  
D5230,version_24_5,version 25/32  
D5231,version_25_5,version 26/32  
D5232,version_26_5,version 27/32  
D5233,version_27_5,version 28/32  
D5234,version_28_5,version 29/32  
D5235,version_29_5,version 30/32  
D5236,version_30_5,version 31/32  
D5237,version_31_5,version 32/32  (highest word)  
D5238,version_0_6,version 1/32  (lowest word)  
D5239,version_1_6,version 2/32  
D5240,version_2_6,version 3/32  
D5241,version_3_6,version 4/32  
D5242,version_4_6,version 5/32  
D5243,version_5_6,version 6/32  
D5244,version_6_6,version 7/32  
D5245,version_7_6,version 8/32  
D5246,version_8_6,version 9/32  
D5247,version_9_6,version 10/32  
D5248,version_10_6,version 11/32  
D5249,version_11_6,version 12/32  
D5250,version_12_6,version 13/32  
D5251,version_13_6,version 14/32  
D5252,version_14_6,version 15/32  
D5253,version_15_6,version 16/32  
D5254,version_16_6,version 17/32  
D5255,version_17_6,version 18/32  
D5256,version_18_6,version 19/32  
D5257,version_19_6,version 20/32  
D5258,version_20_6,version 21/32  
D5259,version_21_6,version 22/32  
D5260,version_22_6,version 23/32  
D5261,version_23_6,version 24/32  
D5262,version_24_6,version 25/32  
D5263,version_25_6,version 26/32  
D5264,version_26_6,version 27/32  
D5265,version_27_6,version 28/32  
D5266,version_28_6,version 29/32  
D5267,version_29_6,version 30/32  
D5268,version_30_6,version 31/32  
D5269,version_31_6,version 32/32  (highest word)  
D5270,firmware_vers_0_1,firmware_version 1/32  (lowest word)  
D5271,firmware_vers_1_1,firmware_version 2/32  
D5272,firmware_vers_2_1,firmware_version 3/32  
D5273,firmware_vers_3_1,firmware_version 4/32  
D5274,firmware_vers_4_1,firmware_version 5/32  
D5275,firmware_vers_5_1,firmware_version 6/32  
D5276,firmware_vers_6_1,firmware_version 7/32  
D5277,firmware_vers_7_1,firmware_version 8/32  
D5278,firmware_vers_8_1,firmware_version 9/32  
D5279,firmware_vers_9_1,firmware_version 10/32  
D5280,firmware_vers_10_1,firmware_version 11/32  
D5281,firmware_vers_11_1,firmware_version 12/32  
D5282,firmware_vers_12_1,firmware_version 13/32  
D5283,firmware_vers_13_1,firmware_version 14/32  
D5284,firmware_vers_14_1,firmware_version 15/32  
D5285,firmware_vers_15_1,firmware_version 16/32  
D5286,firmware_vers_16_1,firmware_version 17/32  
D5287,firmware_vers_17_1,firmware_version 18/32  
D5288,firmware_vers_18_1,firmware_version 19/32  
D5289,firmware_vers_19_1,firmware_version 20/32  
D5290,firmware_vers_20_1,firmware_version 21/32  
D5291,firmware_vers_21_1,firmware_version 22/32  
D5292,firmware_vers_22_1,firmware_version 23/32  
D5293,firmware_vers_23_1,firmware_version 24/32  
D5294,firmware_vers_24_1,firmware_version 25/32  
D5295,firmware_vers_25_1,firmware_version 26/32  
D5296,firmware_vers_26_1,firmware_version 27/32  
D5297,firmware_vers_27_1,firmware_version 28/32  
D5298,firmware_vers_28_1,firmware_version 29/32  
D5299,firmware_vers_29_1,firmware_version 30/32  
D5300,firmware_vers_30_1,firmware_version 31/32  
D5301,firmware_vers_31_1,firmware_version 32/32  (highest word)  
D5302,firmware_vers_0_2,firmware_version 1/32  (lowest word)  
D5303,firmware_vers_1_2,firmware_version 2/32  
D5304,firmware_vers_2_2,firmware_version 3/32  
D5305,firmware_vers_3_2,firmware_version 4/32  
D5306,firmware_vers_4_2,firmware_version 5/32  
D5307,firmware_vers_5_2,firmware_version 6/32  
D5308,firmware_vers_6_2,firmware_version 7/32  
D5309,firmware_vers_7_2,firmware_version 8/32  
D5310,firmware_vers_8_2,firmware_version 9/32  
D5311,firmware_vers_9_2,firmware_version 10/32  
D5312,firmware_vers_10_2,firmware_version 11/32  
D5313,firmware_vers_11_2,firmware_version 12/32  
D5314,firmware_vers_12_2,firmware_version 13/32  
D5315,firmware_vers_13_2,firmware_version 14/32  
D5316,firmware_vers_14_2,firmware_version 15/32  
D5317,firmware_vers_15_2,firmware_version 16/32  
D5318,firmware_vers_16_2,firmware_version 17/32  
D5319,firmware_vers_17_2,firmware_version 18/32  
D5320,firmware_vers_18_2,firmware_version 19/32  
D5321,firmware_vers_19_2,firmware_version 20/32  
D5322,firmware_vers_20_2,firmware_version 21/32  
D5323,firmware_vers_21_2,firmware_version 22/32  
D5324,firmware_vers_22_2,firmware_version 23/32  
D5325,firmware_vers_23_2,firmware_version 24/32  
D5326,firmware_vers_24_2,firmware_version 25/32  
D5327,firmware_vers_25_2,firmware_version 26/32  
D5328,firmware_vers_26_2,firmware_version 27/32  
D5329,firmware_vers_27_2,firmware_version 28/32  
D5330,firmware_vers_28_2,firmware_version 29/32  
D5331,firmware_vers_29_2,firmware_version 30/32  
D5332,firmware_vers_30_2,firmware_version 31/32  
D5333,firmware_vers_31_2,firmware_version 32/32  (highest word)  
D5334,firmware_vers_0_3,firmware_version 1/32  (lowest word)  
D5335,firmware_vers_1_3,firmware_version 2/32  
D5336,firmware_vers_2_3,firmware_version 3/32  
D5337,firmware_vers_3_3,firmware_version 4/32  
D5338,firmware_vers_4_3,firmware_version 5/32  
D5339,firmware_vers_5_3,firmware_version 6/32  
D5340,firmware_vers_6_3,firmware_version 7/32  
D5341,firmware_vers_7_3,firmware_version 8/32  
D5342,firmware_vers_8_3,firmware_version 9/32  
D5343,firmware_vers_9_3,firmware_version 10/32  
D5344,firmware_vers_10_3,firmware_version 11/32  
D5345,firmware_vers_11_3,firmware_version 12/32  
D5346,firmware_vers_12_3,firmware_version 13/32  
D5347,firmware_vers_13_3,firmware_version 14/32  
D5348,firmware_vers_14_3,firmware_version 15/32  
D5349,firmware_vers_15_3,firmware_version 16/32  
D5350,firmware_vers_16_3,firmware_version 17/32  
D5351,firmware_vers_17_3,firmware_version 18/32  
D5352,firmware_vers_18_3,firmware_version 19/32  
D5353,firmware_vers_19_3,firmware_version 20/32  
D5354,firmware_vers_20_3,firmware_version 21/32  
D5355,firmware_vers_21_3,firmware_version 22/32  
D5356,firmware_vers_22_3,firmware_version 23/32  
D5357,firmware_vers_23_3,firmware_version 24/32  
D5358,firmware_vers_24_3,firmware_version 25/32  
D5359,firmware_vers_25_3,firmware_version 26/32  
D5360,firmware_vers_26_3,firmware_version 27/32  
D5361,firmware_vers_27_3,firmware_version 28/32  
D5362,firmware_vers_28_3,firmware_version 29/32  
D5363,firmware_vers_29_3,firmware_version 30/32  
D5364,firmware_vers_30_3,firmware_version 31/32  
D5365,firmware_vers_31_3,firmware_version 32/32  (highest word)  
D5366,firmware_vers_0_4,firmware_version 1/32  (lowest word)  
D5367,firmware_vers_1_4,firmware_version 2/32  
D5368,firmware_vers_2_4,firmware_version 3/32  
D5369,firmware_vers_3_4,firmware_version 4/32  
D5370,firmware_vers_4_4,firmware_version 5/32  
D5371,firmware_vers_5_4,firmware_version 6/32  
D5372,firmware_vers_6_4,firmware_version 7/32  
D5373,firmware_vers_7_4,firmware_version 8/32  
D5374,firmware_vers_8_4,firmware_version 9/32  
D5375,firmware_vers_9_4,firmware_version 10/32  
D5376,firmware_vers_10_4,firmware_version 11/32  
D5377,firmware_vers_11_4,firmware_version 12/32  
D5378,firmware_vers_12_4,firmware_version 13/32  
D5379,firmware_vers_13_4,firmware_version 14/32  
D5380,firmware_vers_14_4,firmware_version 15/32  
D5381,firmware_vers_15_4,firmware_version 16/32  
D5382,firmware_vers_16_4,firmware_version 17/32  
D5383,firmware_vers_17_4,firmware_version 18/32  
D5384,firmware_vers_18_4,firmware_version 19/32  
D5385,firmware_vers_19_4,firmware_version 20/32  
D5386,firmware_vers_20_4,firmware_version 21/32  
D5387,firmware_vers_21_4,firmware_version 22/32  
D5388,firmware_vers_22_4,firmware_version 23/32  
D5389,firmware_vers_23_4,firmware_version 24/32  
D5390,firmware_vers_24_4,firmware_version 25/32  
D5391,firmware_vers_25_4,firmware_version 26/32  
D5392,firmware_vers_26_4,firmware_version 27/32  
D5393,firmware_vers_27_4,firmware_version 28/32  
D5394,firmware_vers_28_4,firmware_version 29/32  
D5395,firmware_vers_29_4,firmware_version 30/32  
D5396,firmware_vers_30_4,firmware_version 31/32  
D5397,firmware_vers_31_4,firmware_version 32/32  (highest word)  
D5398,firmware_vers_0_5,firmware_version 1/32  (lowest word)  
D5399,firmware_vers_1_5,firmware_version 2/32  
D5400,firmware_vers_2_5,firmware_version 3/32  
D5401,firmware_vers_3_5,firmware_version 4/32  
D5402,firmware_vers_4_5,firmware_version 5/32  
D5403,firmware_vers_5_5,firmware_version 6/32  
D5404,firmware_vers_6_5,firmware_version 7/32  
D5405,firmware_vers_7_5,firmware_version 8/32  
D5406,firmware_vers_8_5,firmware_version 9/32  
D5407,firmware_vers_9_5,firmware_version 10/32  
D5408,firmware_vers_10_5,firmware_version 11/32  
D5409,firmware_vers_11_5,firmware_version 12/32  
D5410,firmware_vers_12_5,firmware_version 13/32  
D5411,firmware_vers_13_5,firmware_version 14/32  
D5412,firmware_vers_14_5,firmware_version 15/32  
D5413,firmware_vers_15_5,firmware_version 16/32  
D5414,firmware_vers_16_5,firmware_version 17/32  
D5415,firmware_vers_17_5,firmware_version 18/32  
D5416,firmware_vers_18_5,firmware_version 19/32  
D5417,firmware_vers_19_5,firmware_version 20/32  
D5418,firmware_vers_20_5,firmware_version 21/32  
D5419,firmware_vers_21_5,firmware_version 22/32  
D5420,firmware_vers_22_5,firmware_version 23/32  
D5421,firmware_vers_23_5,firmware_version 24/32  
D5422,firmware_vers_24_5,firmware_version 25/32  
D5423,firmware_vers_25_5,firmware_version 26/32  
D5424,firmware_vers_26_5,firmware_version 27/32  
D5425,firmware_vers_27_5,firmware_version 28/32  
D5426,firmware_vers_28_5,firmware_version 29/32  
D5427,firmware_vers_29_5,firmware_version 30/32  
D5428,firmware_vers_30_5,firmware_version 31/32  
D5429,firmware_vers_31_5,firmware_version 32/32  (highest word)  
D5430,firmware_vers_0_6,firmware_version 1/32  (lowest word)  
D5431,firmware_vers_1_6,firmware_version 2/32  
D5432,firmware_vers_2_6,firmware_version 3/32  
D5433,firmware_vers_3_6,firmware_version 4/32  
D5434,firmware_vers_4_6,firmware_version 5/32  
D5435,firmware_vers_5_6,firmware_version 6/32  
D5436,firmware_vers_6_6,firmware_version 7/32  
D5437,firmware_vers_7_6,firmware_version 8/32  
D5438,firmware_vers_8_6,firmware_version 9/32  
D5439,firmware_vers_9_6,firmware_version 10/32  
D5440,firmware_vers_10_6,firmware_version 11/32  
D5441,firmware_vers_11_6,firmware_version 12/32  
D5442,firmware_vers_12_6,firmware_version 13/32  
D5443,firmware_vers_13_6,firmware_version 14/32  
D5444,firmware_vers_14_6,firmware_version 15/32  
D5445,firmware_vers_15_6,firmware_version 16/32  
D5446,firmware_vers_16_6,firmware_version 17/32  
D5447,firmware_vers_17_6,firmware_version 18/32  
D5448,firmware_vers_18_6,firmware_version 19/32  
D5449,firmware_vers_19_6,firmware_version 20/32  
D5450,firmware_vers_20_6,firmware_version 21/32  
D5451,firmware_vers_21_6,firmware_version 22/32  
D5452,firmware_vers_22_6,firmware_version 23/32  
D5453,firmware_vers_23_6,firmware_version 24/32  
D5454,firmware_vers_24_6,firmware_version 25/32  
D5455,firmware_vers_25_6,firmware_version 26/32  
D5456,firmware_vers_26_6,firmware_version 27/32  
D5457,firmware_vers_27_6,firmware_version 28/32  
D5458,firmware_vers_28_6,firmware_version 29/32  
D5459,firmware_vers_29_6,firmware_version 30/32  
D5460,firmware_vers_30_6,firmware_version 31/32  
D5461,firmware_vers_31_6,firmware_version 32/32  (highest word)  
D5462,compile_date_0_1,compile_date 1/32  (lowest word)  
D5463,compile_date_1_1,compile_date 2/32  
D5464,compile_date_2_1,compile_date 3/32  
D5465,compile_date_3_1,compile_date 4/32  
D5466,compile_date_4_1,compile_date 5/32  
D5467,compile_date_5_1,compile_date 6/32  
D5468,compile_date_6_1,compile_date 7/32  
D5469,compile_date_7_1,compile_date 8/32  
D5470,compile_date_8_1,compile_date 9/32  
D5471,compile_date_9_1,compile_date 10/32  
D5472,compile_date_10_1,compile_date 11/32  
D5473,compile_date_11_1,compile_date 12/32  
D5474,compile_date_12_1,compile_date 13/32  
D5475,compile_date_13_1,compile_date 14/32  
D5476,compile_date_14_1,compile_date 15/32  
D5477,compile_date_15_1,compile_date 16/32  
D5478,compile_date_16_1,compile_date 17/32  
D5479,compile_date_17_1,compile_date 18/32  
D5480,compile_date_18_1,compile_date 19/32  
D5481,compile_date_19_1,compile_date 20/32  
D5482,compile_date_20_1,compile_date 21/32  
D5483,compile_date_21_1,compile_date 22/32  
D5484,compile_date_22_1,compile_date 23/32  
D5485,compile_date_23_1,compile_date 24/32  
D5486,compile_date_24_1,compile_date 25/32  
D5487,compile_date_25_1,compile_date 26/32  
D5488,compile_date_26_1,compile_date 27/32  
D5489,compile_date_27_1,compile_date 28/32  
D5490,compile_date_28_1,compile_date 29/32  
D5491,compile_date_29_1,compile_date 30/32  
D5492,compile_date_30_1,compile_date 31/32  
D5493,compile_date_31_1,compile_date 32/32  (highest word)  
D5494,compile_date_0_2,compile_date 1/32  (lowest word)  
D5495,compile_date_1_2,compile_date 2/32  
D5496,compile_date_2_2,compile_date 3/32  
D5497,compile_date_3_2,compile_date 4/32  
D5498,compile_date_4_2,compile_date 5/32  
D5499,compile_date_5_2,compile_date 6/32  
D5500,compile_date_6_2,compile_date 7/32  
D5501,compile_date_7_2,compile_date 8/32  
D5502,compile_date_8_2,compile_date 9/32  
D5503,compile_date_9_2,compile_date 10/32  
D5504,compile_date_10_2,compile_date 11/32  
D5505,compile_date_11_2,compile_date 12/32  
D5506,compile_date_12_2,compile_date 13/32  
D5507,compile_date_13_2,compile_date 14/32  
D5508,compile_date_14_2,compile_date 15/32  
D5509,compile_date_15_2,compile_date 16/32  
D5510,compile_date_16_2,compile_date 17/32  
D5511,compile_date_17_2,compile_date 18/32  
D5512,compile_date_18_2,compile_date 19/32  
D5513,compile_date_19_2,compile_date 20/32  
D5514,compile_date_20_2,compile_date 21/32  
D5515,compile_date_21_2,compile_date 22/32  
D5516,compile_date_22_2,compile_date 23/32  
D5517,compile_date_23_2,compile_date 24/32  
D5518,compile_date_24_2,compile_date 25/32  
D5519,compile_date_25_2,compile_date 26/32  
D5520,compile_date_26_2,compile_date 27/32  
D5521,compile_date_27_2,compile_date 28/32  
D5522,compile_date_28_2,compile_date 29/32  
D5523,compile_date_29_2,compile_date 30/32  
D5524,compile_date_30_2,compile_date 31/32  
D5525,compile_date_31_2,compile_date 32/32  (highest word)  
D5526,compile_date_0_3,compile_date 1/32  (lowest word)  
D5527,compile_date_1_3,compile_date 2/32  
D5528,compile_date_2_3,compile_date 3/32  
D5529,compile_date_3_3,compile_date 4/32  
D5530,compile_date_4_3,compile_date 5/32  
D5531,compile_date_5_3,compile_date 6/32  
D5532,compile_date_6_3,compile_date 7/32  
D5533,compile_date_7_3,compile_date 8/32  
D5534,compile_date_8_3,compile_date 9/32  
D5535,compile_date_9_3,compile_date 10/32  
D5536,compile_date_10_3,compile_date 11/32  
D5537,compile_date_11_3,compile_date 12/32  
D5538,compile_date_12_3,compile_date 13/32  
D5539,compile_date_13_3,compile_date 14/32  
D5540,compile_date_14_3,compile_date 15/32  
D5541,compile_date_15_3,compile_date 16/32  
D5542,compile_date_16_3,compile_date 17/32  
D5543,compile_date_17_3,compile_date 18/32  
D5544,compile_date_18_3,compile_date 19/32  
D5545,compile_date_19_3,compile_date 20/32  
D5546,compile_date_20_3,compile_date 21/32  
D5547,compile_date_21_3,compile_date 22/32  
D5548,compile_date_22_3,compile_date 23/32  
D5549,compile_date_23_3,compile_date 24/32  
D5550,compile_date_24_3,compile_date 25/32  
D5551,compile_date_25_3,compile_date 26/32  
D5552,compile_date_26_3,compile_date 27/32  
D5553,compile_date_27_3,compile_date 28/32  
D5554,compile_date_28_3,compile_date 29/32  
D5555,compile_date_29_3,compile_date 30/32  
D5556,compile_date_30_3,compile_date 31/32  
D5557,compile_date_31_3,compile_date 32/32  (highest word)  
D5558,compile_date_0_4,compile_date 1/32  (lowest word)  
D5559,compile_date_1_4,compile_date 2/32  
D5560,compile_date_2_4,compile_date 3/32  
D5561,compile_date_3_4,compile_date 4/32  
D5562,compile_date_4_4,compile_date 5/32  
D5563,compile_date_5_4,compile_date 6/32  
D5564,compile_date_6_4,compile_date 7/32  
D5565,compile_date_7_4,compile_date 8/32  
D5566,compile_date_8_4,compile_date 9/32  
D5567,compile_date_9_4,compile_date 10/32  
D5568,compile_date_10_4,compile_date 11/32  
D5569,compile_date_11_4,compile_date 12/32  
D5570,compile_date_12_4,compile_date 13/32  
D5571,compile_date_13_4,compile_date 14/32  
D5572,compile_date_14_4,compile_date 15/32  
D5573,compile_date_15_4,compile_date 16/32  
D5574,compile_date_16_4,compile_date 17/32  
D5575,compile_date_17_4,compile_date 18/32  
D5576,compile_date_18_4,compile_date 19/32  
D5577,compile_date_19_4,compile_date 20/32  
D5578,compile_date_20_4,compile_date 21/32  
D5579,compile_date_21_4,compile_date 22/32  
D5580,compile_date_22_4,compile_date 23/32  
D5581,compile_date_23_4,compile_date 24/32  
D5582,compile_date_24_4,compile_date 25/32  
D5583,compile_date_25_4,compile_date 26/32  
D5584,compile_date_26_4,compile_date 27/32  
D5585,compile_date_27_4,compile_date 28/32  
D5586,compile_date_28_4,compile_date 29/32  
D5587,compile_date_29_4,compile_date 30/32  
D5588,compile_date_30_4,compile_date 31/32  
D5589,compile_date_31_4,compile_date 32/32  (highest word)  
D5590,compile_date_0_5,compile_date 1/32  (lowest word)  
D5591,compile_date_1_5,compile_date 2/32  
D5592,compile_date_2_5,compile_date 3/32  
D5593,compile_date_3_5,compile_date 4/32  
D5594,compile_date_4_5,compile_date 5/32  
D5595,compile_date_5_5,compile_date 6/32  
D5596,compile_date_6_5,compile_date 7/32  
D5597,compile_date_7_5,compile_date 8/32  
D5598,compile_date_8_5,compile_date 9/32  
D5599,compile_date_9_5,compile_date 10/32  
D5600,compile_date_10_5,compile_date 11/32  
D5601,compile_date_11_5,compile_date 12/32  
D5602,compile_date_12_5,compile_date 13/32  
D5603,compile_date_13_5,compile_date 14/32  
D5604,compile_date_14_5,compile_date 15/32  
D5605,compile_date_15_5,compile_date 16/32  
D5606,compile_date_16_5,compile_date 17/32  
D5607,compile_date_17_5,compile_date 18/32  
D5608,compile_date_18_5,compile_date 19/32  
D5609,compile_date_19_5,compile_date 20/32  
D5610,compile_date_20_5,compile_date 21/32  
D5611,compile_date_21_5,compile_date 22/32  
D5612,compile_date_22_5,compile_date 23/32  
D5613,compile_date_23_5,compile_date 24/32  
D5614,compile_date_24_5,compile_date 25/32  
D5615,compile_date_25_5,compile_date 26/32  
D5616,compile_date_26_5,compile_date 27/32  
D5617,compile_date_27_5,compile_date 28/32  
D5618,compile_date_28_5,compile_date 29/32  
D5619,compile_date_29_5,compile_date 30/32  
D5620,compile_date_30_5,compile_date 31/32  
D5621,compile_date_31_5,compile_date 32/32  (highest word)  
D5622,compile_date_0_6,compile_date 1/32  (lowest word)  
D5623,compile_date_1_6,compile_date 2/32  
D5624,compile_date_2_6,compile_date 3/32  
D5625,compile_date_3_6,compile_date 4/32  
D5626,compile_date_4_6,compile_date 5/32  
D5627,compile_date_5_6,compile_date 6/32  
D5628,compile_date_6_6,compile_date 7/32  
D5629,compile_date_7_6,compile_date 8/32  
D5630,compile_date_8_6,compile_date 9/32  
D5631,compile_date_9_6,compile_date 10/32  
D5632,compile_date_10_6,compile_date 11/32  
D5633,compile_date_11_6,compile_date 12/32  
D5634,compile_date_12_6,compile_date 13/32  
D5635,compile_date_13_6,compile_date 14/32  
D5636,compile_date_14_6,compile_date 15/32  
D5637,compile_date_15_6,compile_date 16/32  
D5638,compile_date_16_6,compile_date 17/32  
D5639,compile_date_17_6,compile_date 18/32  
D5640,compile_date_18_6,compile_date 19/32  
D5641,compile_date_19_6,compile_date 20/32  
D5642,compile_date_20_6,compile_date 21/32  
D5643,compile_date_21_6,compile_date 22/32  
D5644,compile_date_22_6,compile_date 23/32  
D5645,compile_date_23_6,compile_date 24/32  
D5646,compile_date_24_6,compile_date 25/32  
D5647,compile_date_25_6,compile_date 26/32  
D5648,compile_date_26_6,compile_date 27/32  
D5649,compile_date_27_6,compile_date 28/32  
D5650,compile_date_28_6,compile_date 29/32  
D5651,compile_date_29_6,compile_date 30/32  
D5652,compile_date_30_6,compile_date 31/32  
D5653,compile_date_31_6,compile_date 32/32  (highest word)  
D5654,compile_time_0_1,compile_time 1/32  (lowest word)  
D5655,compile_time_1_1,compile_time 2/32  
D5656,compile_time_2_1,compile_time 3/32  
D5657,compile_time_3_1,compile_time 4/32  
D5658,compile_time_4_1,compile_time 5/32  
D5659,compile_time_5_1,compile_time 6/32  
D5660,compile_time_6_1,compile_time 7/32  
D5661,compile_time_7_1,compile_time 8/32  
D5662,compile_time_8_1,compile_time 9/32  
D5663,compile_time_9_1,compile_time 10/32  
D5664,compile_time_10_1,compile_time 11/32  
D5665,compile_time_11_1,compile_time 12/32  
D5666,compile_time_12_1,compile_time 13/32  
D5667,compile_time_13_1,compile_time 14/32  
D5668,compile_time_14_1,compile_time 15/32  
D5669,compile_time_15_1,compile_time 16/32  
D5670,compile_time_16_1,compile_time 17/32  
D5671,compile_time_17_1,compile_time 18/32  
D5672,compile_time_18_1,compile_time 19/32  
D5673,compile_time_19_1,compile_time 20/32  
D5674,compile_time_20_1,compile_time 21/32  
D5675,compile_time_21_1,compile_time 22/32  
D5676,compile_time_22_1,compile_time 23/32  
D5677,compile_time_23_1,compile_time 24/32  
D5678,compile_time_24_1,compile_time 25/32  
D5679,compile_time_25_1,compile_time 26/32  
D5680,compile_time_26_1,compile_time 27/32  
D5681,compile_time_27_1,compile_time 28/32  
D5682,compile_time_28_1,compile_time 29/32  
D5683,compile_time_29_1,compile_time 30/32  
D5684,compile_time_30_1,compile_time 31/32  
D5685,compile_time_31_1,compile_time 32/32  (highest word)  
D5686,compile_time_0_2,compile_time 1/32  (lowest word)  
D5687,compile_time_1_2,compile_time 2/32  
D5688,compile_time_2_2,compile_time 3/32  
D5689,compile_time_3_2,compile_time 4/32  
D5690,compile_time_4_2,compile_time 5/32  
D5691,compile_time_5_2,compile_time 6/32  
D5692,compile_time_6_2,compile_time 7/32  
D5693,compile_time_7_2,compile_time 8/32  
D5694,compile_time_8_2,compile_time 9/32  
D5695,compile_time_9_2,compile_time 10/32  
D5696,compile_time_10_2,compile_time 11/32  
D5697,compile_time_11_2,compile_time 12/32  
D5698,compile_time_12_2,compile_time 13/32  
D5699,compile_time_13_2,compile_time 14/32  
D5700,compile_time_14_2,compile_time 15/32  
D5701,compile_time_15_2,compile_time 16/32  
D5702,compile_time_16_2,compile_time 17/32  
D5703,compile_time_17_2,compile_time 18/32  
D5704,compile_time_18_2,compile_time 19/32  
D5705,compile_time_19_2,compile_time 20/32  
D5706,compile_time_20_2,compile_time 21/32  
D5707,compile_time_21_2,compile_time 22/32  
D5708,compile_time_22_2,compile_time 23/32  
D5709,compile_time_23_2,compile_time 24/32  
D5710,compile_time_24_2,compile_time 25/32  
D5711,compile_time_25_2,compile_time 26/32  
D5712,compile_time_26_2,compile_time 27/32  
D5713,compile_time_27_2,compile_time 28/32  
D5714,compile_time_28_2,compile_time 29/32  
D5715,compile_time_29_2,compile_time 30/32  
D5716,compile_time_30_2,compile_time 31/32  
D5717,compile_time_31_2,compile_time 32/32  (highest word)  
D5718,compile_time_0_3,compile_time 1/32  (lowest word)  
D5719,compile_time_1_3,compile_time 2/32  
D5720,compile_time_2_3,compile_time 3/32  
D5721,compile_time_3_3,compile_time 4/32  
D5722,compile_time_4_3,compile_time 5/32  
D5723,compile_time_5_3,compile_time 6/32  
D5724,compile_time_6_3,compile_time 7/32  
D5725,compile_time_7_3,compile_time 8/32  
D5726,compile_time_8_3,compile_time 9/32  
D5727,compile_time_9_3,compile_time 10/32  
D5728,compile_time_10_3,compile_time 11/32  
D5729,compile_time_11_3,compile_time 12/32  
D5730,compile_time_12_3,compile_time 13/32  
D5731,compile_time_13_3,compile_time 14/32  
D5732,compile_time_14_3,compile_time 15/32  
D5733,compile_time_15_3,compile_time 16/32  
D5734,compile_time_16_3,compile_time 17/32  
D5735,compile_time_17_3,compile_time 18/32  
D5736,compile_time_18_3,compile_time 19/32  
D5737,compile_time_19_3,compile_time 20/32  
D5738,compile_time_20_3,compile_time 21/32  
D5739,compile_time_21_3,compile_time 22/32  
D5740,compile_time_22_3,compile_time 23/32  
D5741,compile_time_23_3,compile_time 24/32  
D5742,compile_time_24_3,compile_time 25/32  
D5743,compile_time_25_3,compile_time 26/32  
D5744,compile_time_26_3,compile_time 27/32  
D5745,compile_time_27_3,compile_time 28/32  
D5746,compile_time_28_3,compile_time 29/32  
D5747,compile_time_29_3,compile_time 30/32  
D5748,compile_time_30_3,compile_time 31/32  
D5749,compile_time_31_3,compile_time 32/32  (highest word)  
D5750,compile_time_0_4,compile_time 1/32  (lowest word)  
D5751,compile_time_1_4,compile_time 2/32  
D5752,compile_time_2_4,compile_time 3/32  
D5753,compile_time_3_4,compile_time 4/32  
D5754,compile_time_4_4,compile_time 5/32  
D5755,compile_time_5_4,compile_time 6/32  
D5756,compile_time_6_4,compile_time 7/32  
D5757,compile_time_7_4,compile_time 8/32  
D5758,compile_time_8_4,compile_time 9/32  
D5759,compile_time_9_4,compile_time 10/32  
D5760,compile_time_10_4,compile_time 11/32  
D5761,compile_time_11_4,compile_time 12/32  
D5762,compile_time_12_4,compile_time 13/32  
D5763,compile_time_13_4,compile_time 14/32  
D5764,compile_time_14_4,compile_time 15/32  
D5765,compile_time_15_4,compile_time 16/32  
D5766,compile_time_16_4,compile_time 17/32  
D5767,compile_time_17_4,compile_time 18/32  
D5768,compile_time_18_4,compile_time 19/32  
D5769,compile_time_19_4,compile_time 20/32  
D5770,compile_time_20_4,compile_time 21/32  
D5771,compile_time_21_4,compile_time 22/32  
D5772,compile_time_22_4,compile_time 23/32  
D5773,compile_time_23_4,compile_time 24/32  
D5774,compile_time_24_4,compile_time 25/32  
D5775,compile_time_25_4,compile_time 26/32  
D5776,compile_time_26_4,compile_time 27/32  
D5777,compile_time_27_4,compile_time 28/32  
D5778,compile_time_28_4,compile_time 29/32  
D5779,compile_time_29_4,compile_time 30/32  
D5780,compile_time_30_4,compile_time 31/32  
D5781,compile_time_31_4,compile_time 32/32  (highest word)  
D5782,compile_time_0_5,compile_time 1/32  (lowest word)  
D5783,compile_time_1_5,compile_time 2/32  
D5784,compile_time_2_5,compile_time 3/32  
D5785,compile_time_3_5,compile_time 4/32  
D5786,compile_time_4_5,compile_time 5/32  
D5787,compile_time_5_5,compile_time 6/32  
D5788,compile_time_6_5,compile_time 7/32  
D5789,compile_time_7_5,compile_time 8/32  
D5790,compile_time_8_5,compile_time 9/32  
D5791,compile_time_9_5,compile_time 10/32  
D5792,compile_time_10_5,compile_time 11/32  
D5793,compile_time_11_5,compile_time 12/32  
D5794,compile_time_12_5,compile_time 13/32  
D5795,compile_time_13_5,compile_time 14/32  
D5796,compile_time_14_5,compile_time 15/32  
D5797,compile_time_15_5,compile_time 16/32  
D5798,compile_time_16_5,compile_time 17/32  
D5799,compile_time_17_5,compile_time 18/32  
D5800,compile_time_18_5,compile_time 19/32  
D5801,compile_time_19_5,compile_time 20/32  
D5802,compile_time_20_5,compile_time 21/32  
D5803,compile_time_21_5,compile_time 22/32  
D5804,compile_time_22_5,compile_time 23/32  
D5805,compile_time_23_5,compile_time 24/32  
D5806,compile_time_24_5,compile_time 25/32  
D5807,compile_time_25_5,compile_time 26/32  
D5808,compile_time_26_5,compile_time 27/32  
D5809,compile_time_27_5,compile_time 28/32  
D5810,compile_time_28_5,compile_time 29/32  
D5811,compile_time_29_5,compile_time 30/32  
D5812,compile_time_30_5,compile_time 31/32  
D5813,compile_time_31_5,compile_time 32/32  (highest word)  
D5814,compile_time_0_6,compile_time 1/32  (lowest word)  
D5815,compile_time_1_6,compile_time 2/32  
D5816,compile_time_2_6,compile_time 3/32  
D5817,compile_time_3_6,compile_time 4/32  
D5818,compile_time_4_6,compile_time 5/32  
D5819,compile_time_5_6,compile_time 6/32  
D5820,compile_time_6_6,compile_time 7/32  
D5821,compile_time_7_6,compile_time 8/32  
D5822,compile_time_8_6,compile_time 9/32  
D5823,compile_time_9_6,compile_time 10/32  
D5824,compile_time_10_6,compile_time 11/32  
D5825,compile_time_11_6,compile_time 12/32  
D5826,compile_time_12_6,compile_time 13/32  
D5827,compile_time_13_6,compile_time 14/32  
D5828,compile_time_14_6,compile_time 15/32  
D5829,compile_time_15_6,compile_time 16/32  
D5830,compile_time_16_6,compile_time 17/32  
D5831,compile_time_17_6,compile_time 18/32  
D5832,compile_time_18_6,compile_time 19/32  
D5833,compile_time_19_6,compile_time 20/32  
D5834,compile_time_20_6,compile_time 21/32  
D5835,compile_time_21_6,compile_time 22/32  
D5836,compile_time_22_6,compile_time 23/32  
D5837,compile_time_23_6,compile_time 24/32  
D5838,compile_time_24_6,compile_time 25/32  
D5839,compile_time_25_6,compile_time 26/32  
D5840,compile_time_26_6,compile_time 27/32  
D5841,compile_time_27_6,compile_time 28/32  
D5842,compile_time_28_6,compile_time 29/32  
D5843,compile_time_29_6,compile_time 30/32  
D5844,compile_time_30_6,compile_time 31/32  
D5845,compile_time_31_6,compile_time 32/32  (highest word)  
D5846,serial_number_0_1,serial_number 1/20  (lowest word)  
D5847,serial_number_1_1,serial_number 2/20  
D5848,serial_number_2_1,serial_number 3/20  
D5849,serial_number_3_1,serial_number 4/20  
D5850,serial_number_4_1,serial_number 5/20  
D5851,serial_number_5_1,serial_number 6/20  
D5852,serial_number_6_1,serial_number 7/20  
D5853,serial_number_7_1,serial_number 8/20  
D5854,serial_number_8_1,serial_number 9/20  
D5855,serial_number_9_1,serial_number 10/20  
D5856,serial_number_10_1,serial_number 11/20  
D5857,serial_number_11_1,serial_number 12/20  
D5858,serial_number_12_1,serial_number 13/20  
D5859,serial_number_13_1,serial_number 14/20  
D5860,serial_number_14_1,serial_number 15/20  
D5861,serial_number_15_1,serial_number 16/20  
D5862,serial_number_16_1,serial_number 17/20  
D5863,serial_number_17_1,serial_number 18/20  
D5864,serial_number_18_1,serial_number 19/20  
D5865,serial_number_19_1,serial_number 20/20  (highest word)  
D5866,serial_number_0_2,serial_number 1/20  (lowest word)  
D5867,serial_number_1_2,serial_number 2/20  
D5868,serial_number_2_2,serial_number 3/20  
D5869,serial_number_3_2,serial_number 4/20  
D5870,serial_number_4_2,serial_number 5/20  
D5871,serial_number_5_2,serial_number 6/20  
D5872,serial_number_6_2,serial_number 7/20  
D5873,serial_number_7_2,serial_number 8/20  
D5874,serial_number_8_2,serial_number 9/20  
D5875,serial_number_9_2,serial_number 10/20  
D5876,serial_number_10_2,serial_number 11/20  
D5877,serial_number_11_2,serial_number 12/20  
D5878,serial_number_12_2,serial_number 13/20  
D5879,serial_number_13_2,serial_number 14/20  
D5880,serial_number_14_2,serial_number 15/20  
D5881,serial_number_15_2,serial_number 16/20  
D5882,serial_number_16_2,serial_number 17/20  
D5883,serial_number_17_2,serial_number 18/20  
D5884,serial_number_18_2,serial_number 19/20  
D5885,serial_number_19_2,serial_number 20/20  (highest word)  
D5886,serial_number_0_3,serial_number 1/20  (lowest word)  
D5887,serial_number_1_3,serial_number 2/20  
D5888,serial_number_2_3,serial_number 3/20  
D5889,serial_number_3_3,serial_number 4/20  
D5890,serial_number_4_3,serial_number 5/20  
D5891,serial_number_5_3,serial_number 6/20  
D5892,serial_number_6_3,serial_number 7/20  
D5893,serial_number_7_3,serial_number 8/20  
D5894,serial_number_8_3,serial_number 9/20  
D5895,serial_number_9_3,serial_number 10/20  
D5896,serial_number_10_3,serial_number 11/20  
D5897,serial_number_11_3,serial_number 12/20  
D5898,serial_number_12_3,serial_number 13/20  
D5899,serial_number_13_3,serial_number 14/20  
D5900,serial_number_14_3,serial_number 15/20  
D5901,serial_number_15_3,serial_number 16/20  
D5902,serial_number_16_3,serial_number 17/20  
D5903,serial_number_17_3,serial_number 18/20  
D5904,serial_number_18_3,serial_number 19/20  
D5905,serial_number_19_3,serial_number 20/20  (highest word)  
D5906,serial_number_0_4,serial_number 1/20  (lowest word)  
D5907,serial_number_1_4,serial_number 2/20  
D5908,serial_number_2_4,serial_number 3/20  
D5909,serial_number_3_4,serial_number 4/20  
D5910,serial_number_4_4,serial_number 5/20  
D5911,serial_number_5_4,serial_number 6/20  
D5912,serial_number_6_4,serial_number 7/20  
D5913,serial_number_7_4,serial_number 8/20  
D5914,serial_number_8_4,serial_number 9/20  
D5915,serial_number_9_4,serial_number 10/20  
D5916,serial_number_10_4,serial_number 11/20  
D5917,serial_number_11_4,serial_number 12/20  
D5918,serial_number_12_4,serial_number 13/20  
D5919,serial_number_13_4,serial_number 14/20  
D5920,serial_number_14_4,serial_number 15/20  
D5921,serial_number_15_4,serial_number 16/20  
D5922,serial_number_16_4,serial_number 17/20  
D5923,serial_number_17_4,serial_number 18/20  
D5924,serial_number_18_4,serial_number 19/20  
D5925,serial_number_19_4,serial_number 20/20  (highest word)  
D5926,serial_number_0_5,serial_number 1/20  (lowest word)  
D5927,serial_number_1_5,serial_number 2/20  
D5928,serial_number_2_5,serial_number 3/20  
D5929,serial_number_3_5,serial_number 4/20  
D5930,serial_number_4_5,serial_number 5/20  
D5931,serial_number_5_5,serial_number 6/20  
D5932,serial_number_6_5,serial_number 7/20  
D5933,serial_number_7_5,serial_number 8/20  
D5934,serial_number_8_5,serial_number 9/20  
D5935,serial_number_9_5,serial_number 10/20  
D5936,serial_number_10_5,serial_number 11/20  
D5937,serial_number_11_5,serial_number 12/20  
D5938,serial_number_12_5,serial_number 13/20  
D5939,serial_number_13_5,serial_number 14/20  
D5940,serial_number_14_5,serial_number 15/20  
D5941,serial_number_15_5,serial_number 16/20  
D5942,serial_number_16_5,serial_number 17/20  
D5943,serial_number_17_5,serial_number 18/20  
D5944,serial_number_18_5,serial_number 19/20  
D5945,serial_number_19_5,serial_number 20/20  (highest word)  
D5946,serial_number_0_6,serial_number 1/20  (lowest word)  
D5947,serial_number_1_6,serial_number 2/20  
D5948,serial_number_2_6,serial_number 3/20  
D5949,serial_number_3_6,serial_number 4/20  
D5950,serial_number_4_6,serial_number 5/20  
D5951,serial_number_5_6,serial_number 6/20  
D5952,serial_number_6_6,serial_number 7/20  
D5953,serial_number_7_6,serial_number 8/20  
D5954,serial_number_8_6,serial_number 9/20  
D5955,serial_number_9_6,serial_number 10/20  
D5956,serial_number_10_6,serial_number 11/20  
D5957,serial_number_11_6,serial_number 12/20  
D5958,serial_number_12_6,serial_number 13/20  
D5959,serial_number_13_6,serial_number 14/20  
D5960,serial_number_14_6,serial_number 15/20  
D5961,serial_number_15_6,serial_number 16/20  
D5962,serial_number_16_6,serial_number 17/20  
D5963,serial_number_17_6,serial_number 18/20  
D5964,serial_number_18_6,serial_number 19/20  
D5965,serial_number_19_6,serial_number 20/20  (highest word)  
D5966,fault_status_1,fault_status 
D5967,fault_status_2,fault_status 
D5968,fault_status_3,fault_status 
D5969,fault_status_4,fault_status 
D5970,fault_status_5,fault_status 
D5971,fault_status_6,fault_status 
D5972,p5_micro_volts_0_1,p5_micro_volts 1/2  (lowest word)  
D5973,p5_micro_volts_1_1,p5_micro_volts 2/2  (highest word)  
D5974,p5_micro_volts_0_2,p5_micro_volts 1/2  (lowest word)  
D5975,p5_micro_volts_1_2,p5_micro_volts 2/2  (highest word)  
D5976,p5_micro_volts_0_3,p5_micro_volts 1/2  (lowest word)  
D5977,p5_micro_volts_1_3,p5_micro_volts 2/2  (highest word)  
D5978,p5_micro_volts_0_4,p5_micro_volts 1/2  (lowest word)  
D5979,p5_micro_volts_1_4,p5_micro_volts 2/2  (highest word)  
D5980,p5_micro_volts_0_5,p5_micro_volts 1/2  (lowest word)  
D5981,p5_micro_volts_1_5,p5_micro_volts 2/2  (highest word)  
D5982,p5_micro_volts_0_6,p5_micro_volts 1/2  (lowest word)  
D5983,p5_micro_volts_1_6,p5_micro_volts 2/2  (highest word)  
D5984,p5_reading_0_1,p5_reading 1/2  (lowest word)  
D5985,p5_reading_1_1,p5_reading 2/2  (highest word)  
D5986,p5_reading_0_2,p5_reading 1/2  (lowest word)  
D5987,p5_reading_1_2,p5_reading 2/2  (highest word)  
D5988,p5_reading_0_3,p5_reading 1/2  (lowest word)  
D5989,p5_reading_1_3,p5_reading 2/2  (highest word)  
D5990,p5_reading_0_4,p5_reading 1/2  (lowest word)  
D5991,p5_reading_1_4,p5_reading 2/2  (highest word)  
D5992,p5_reading_0_5,p5_reading 1/2  (lowest word)  
D5993,p5_reading_1_5,p5_reading 2/2  (highest word)  
D5994,p5_reading_0_6,p5_reading 1/2  (lowest word)  
D5995,p5_reading_1_6,p5_reading 2/2  (highest word)  
D5996,micro_volts_0_1,p23_micro_volts 1/2  (lowest word)  
D5997,micro_volts_1_1,p23_micro_volts 2/2  (highest word)  
D5998,micro_volts_0_2,p23_micro_volts 1/2  (lowest word)  
D5999,micro_volts_1_2,p23_micro_volts 2/2  (highest word)  
D6000,micro_volts_0_3,p23_micro_volts 1/2  (lowest word)  
D6001,micro_volts_1_3,p23_micro_volts 2/2  (highest word)  
D6002,micro_volts_0_4,p23_micro_volts 1/2  (lowest word)  
D6003,micro_volts_1_4,p23_micro_volts 2/2  (highest word)  
D6004,micro_volts_0_5,p23_micro_volts 1/2  (lowest word)  
D6005,micro_volts_1_5,p23_micro_volts 2/2  (highest word)  
D6006,micro_volts_0_6,p23_micro_volts 1/2  (lowest word)  
D6007,micro_volts_1_6,p23_micro_volts 2/2  (highest word)  
D6008,p23_reading_0_1,p23_reading 1/2  (lowest word)  
D6009,p23_reading_1_1,p23_reading 2/2  (highest word)  
D6010,p23_reading_0_2,p23_reading 1/2  (lowest word)  
D6011,p23_reading_1_2,p23_reading 2/2  (highest word)  
D6012,p23_reading_0_3,p23_reading 1/2  (lowest word)  
D6013,p23_reading_1_3,p23_reading 2/2  (highest word)  
D6014,p23_reading_0_4,p23_reading 1/2  (lowest word)  
D6015,p23_reading_1_4,p23_reading 2/2  (highest word)  
D6016,p23_reading_0_5,p23_reading 1/2  (lowest word)  
D6017,p23_reading_1_5,p23_reading 2/2  (highest word)  
D6018,p23_reading_0_6,p23_reading 1/2  (lowest word)  
D6019,p23_reading_1_6,p23_reading 2/2  (highest word)  
D6020,micro_volts_0_1,vlo_micro_volts 1/2  (lowest word)  
D6021,micro_volts_1_1,vlo_micro_volts 2/2  (highest word)  
D6022,micro_volts_0_2,vlo_micro_volts 1/2  (lowest word)  
D6023,micro_volts_1_2,vlo_micro_volts 2/2  (highest word)  
D6024,micro_volts_0_3,vlo_micro_volts 1/2  (lowest word)  
D6025,micro_volts_1_3,vlo_micro_volts 2/2  (highest word)  
D6026,micro_volts_0_4,vlo_micro_volts 1/2  (lowest word)  
D6027,micro_volts_1_4,vlo_micro_volts 2/2  (highest word)  
D6028,micro_volts_0_5,vlo_micro_volts 1/2  (lowest word)  
D6029,micro_volts_1_5,vlo_micro_volts 2/2  (highest word)  
D6030,micro_volts_0_6,vlo_micro_volts 1/2  (lowest word)  
D6031,micro_volts_1_6,vlo_micro_volts 2/2  (highest word)  
D6032,vlo_reading_0_1,vlo_reading 1/2  (lowest word)  
D6033,vlo_reading_1_1,vlo_reading 2/2  (highest word)  
D6034,vlo_reading_0_2,vlo_reading 1/2  (lowest word)  
D6035,vlo_reading_1_2,vlo_reading 2/2  (highest word)  
D6036,vlo_reading_0_3,vlo_reading 1/2  (lowest word)  
D6037,vlo_reading_1_3,vlo_reading 2/2  (highest word)  
D6038,vlo_reading_0_4,vlo_reading 1/2  (lowest word)  
D6039,vlo_reading_1_4,vlo_reading 2/2  (highest word)  
D6040,vlo_reading_0_5,vlo_reading 1/2  (lowest word)  
D6041,vlo_reading_1_5,vlo_reading 2/2  (highest word)  
D6042,vlo_reading_0_6,vlo_reading 1/2  (lowest word)  
D6043,vlo_reading_1_6,vlo_reading 2/2  (highest word)  
D6044,temp_spi_0_1,thermistor_temp_spi 1/2  (lowest word)  
D6045,temp_spi_1_1,thermistor_temp_spi 2/2  (highest word)  
D6046,temp_spi_0_2,thermistor_temp_spi 1/2  (lowest word)  
D6047,temp_spi_1_2,thermistor_temp_spi 2/2  (highest word)  
D6048,temp_spi_0_3,thermistor_temp_spi 1/2  (lowest word)  
D6049,temp_spi_1_3,thermistor_temp_spi 2/2  (highest word)  
D6050,temp_spi_0_4,thermistor_temp_spi 1/2  (lowest word)  
D6051,temp_spi_1_4,thermistor_temp_spi 2/2  (highest word)  
D6052,temp_spi_0_5,thermistor_temp_spi 1/2  (lowest word)  
D6053,temp_spi_1_5,thermistor_temp_spi 2/2  (highest word)  
D6054,temp_spi_0_6,thermistor_temp_spi 1/2  (lowest word)  
D6055,temp_spi_1_6,thermistor_temp_spi 2/2  (highest word)  
D6056,temp_mcu_0_1,thermistor_temp_mcu 1/2  (lowest word)  
D6057,temp_mcu_1_1,thermistor_temp_mcu 2/2  (highest word)  
D6058,temp_mcu_0_2,thermistor_temp_mcu 1/2  (lowest word)  
D6059,temp_mcu_1_2,thermistor_temp_mcu 2/2  (highest word)  
D6060,temp_mcu_0_3,thermistor_temp_mcu 1/2  (lowest word)  
D6061,temp_mcu_1_3,thermistor_temp_mcu 2/2  (highest word)  
D6062,temp_mcu_0_4,thermistor_temp_mcu 1/2  (lowest word)  
D6063,temp_mcu_1_4,thermistor_temp_mcu 2/2  (highest word)  
D6064,temp_mcu_0_5,thermistor_temp_mcu 1/2  (lowest word)  
D6065,temp_mcu_1_5,thermistor_temp_mcu 2/2  (highest word)  
D6066,temp_mcu_0_6,thermistor_temp_mcu 1/2  (lowest word)  
D6067,temp_mcu_1_6,thermistor_temp_mcu 2/2  (highest word)  
D6068,data_frequency_0_1,data_frequency 1/2  (lowest word)  
D6069,data_frequency_1_1,data_frequency 2/2  (highest word)  
D6070,data_frequency_0_2,data_frequency 1/2  (lowest word)  
D6071,data_frequency_1_2,data_frequency 2/2  (highest word)  
D6072,data_frequency_0_3,data_frequency 1/2  (lowest word)  
D6073,data_frequency_1_3,data_frequency 2/2  (highest word)  
D6074,data_frequency_0_4,data_frequency 1/2  (lowest word)  
D6075,data_frequency_1_4,data_frequency 2/2  (highest word)  
D6076,data_frequency_0_5,data_frequency 1/2  (lowest word)  
D6077,data_frequency_1_5,data_frequency 2/2  (highest word)  
D6078,data_frequency_0_6,data_frequency 1/2  (lowest word)  
D6079,data_frequency_1_6,data_frequency 2/2  (highest word)  
D6080,3_micro_volts_0_1,p3_3_micro_volts 1/2  (lowest word)  
D6081,3_micro_volts_1_1,p3_3_micro_volts 2/2  (highest word)  
D6082,3_micro_volts_0_2,p3_3_micro_volts 1/2  (lowest word)  
D6083,3_micro_volts_1_2,p3_3_micro_volts 2/2  (highest word)  
D6084,3_micro_volts_0_3,p3_3_micro_volts 1/2  (lowest word)  
D6085,3_micro_volts_1_3,p3_3_micro_volts 2/2  (highest word)  
D6086,3_micro_volts_0_4,p3_3_micro_volts 1/2  (lowest word)  
D6087,3_micro_volts_1_4,p3_3_micro_volts 2/2  (highest word)  
D6088,3_micro_volts_0_5,p3_3_micro_volts 1/2  (lowest word)  
D6089,3_micro_volts_1_5,p3_3_micro_volts 2/2  (highest word)  
D6090,3_micro_volts_0_6,p3_3_micro_volts 1/2  (lowest word)  
D6091,3_micro_volts_1_6,p3_3_micro_volts 2/2  (highest word)  
D6092,p3_3_reading_0_1,p3_3_reading 1/2  (lowest word)  
D6093,p3_3_reading_1_1,p3_3_reading 2/2  (highest word)  
D6094,p3_3_reading_0_2,p3_3_reading 1/2  (lowest word)  
D6095,p3_3_reading_1_2,p3_3_reading 2/2  (highest word)  
D6096,p3_3_reading_0_3,p3_3_reading 1/2  (lowest word)  
D6097,p3_3_reading_1_3,p3_3_reading 2/2  (highest word)  
D6098,p3_3_reading_0_4,p3_3_reading 1/2  (lowest word)  
D6099,p3_3_reading_1_4,p3_3_reading 2/2  (highest word)  
D6100,p3_3_reading_0_5,p3_3_reading 1/2  (lowest word)  
D6101,p3_3_reading_1_5,p3_3_reading 2/2  (highest word)  
D6102,p3_3_reading_0_6,p3_3_reading 1/2  (lowest word)  
D6103,p3_3_reading_1_6,p3_3_reading 2/2  (highest word)  

